0.13521,0.1355,0.06295,0.06023,0.051671,0.052677,0.022376
0.16185,0.037354,0.018635,0.18879,0.069492,0.11559,0.025127
0.02331,0.0053011,0.015891,0.086865,0.066578,0.11293,0.02808
0.044795,0.089413,0.11772,0.018619,0.11903,0.19842,0.021204
0.062822,0.11019,0.11385,0.15575,0.16631,0.1469,0.038606
0.056265,0.040424,0.069521,0.1359,0.18017,0.19385,0.030737
0.14361,0.012859,0.031813,0.030607,0.027489,0.10127,0.019525
0.11002,0.16962,0.079349,0.07899,0.10492,0.17234,0.012889
0.060098,0.033047,0.052143,0.047067,0.078361,0.032887,0.03902
0.043786,0.26588,0.070019,0.12935,0.19365,0.14273,0.016291
0.077638,0.10275,0.035087,0.099008,0.14614,0.082427,0.040658
0.053354,0.024181,0.05635,0.18778,0.12214,0.14638,0.020811
0.13102,0.098996,0.080069,0.032029,0.17786,0.15688,0.040816
0.17859,0.2268,0.04705,0.15234,0.064369,0.17861,0.030601
0.025649,0.24565,0.063668,0.05713,0.18246,0.18132,0.040576
0.044412,0.036737,0.051885,0.15418,0.15065,0.1531,0.015866
0.25622,0.19391,0.11324,0.10441,0.20122,0.14607,0.040388
0.039447,0.053772,0.088192,0.15806,0.1269,0.026002,0.015035
0.027003,0.18892,0.028714,0.14568,0.17568,0.066164,0.039223
0.022367,0.08139,0.092635,0.11379,0.18289,0.097808,0.040262
0.13749,0.10571,0.025539,0.10821,0.045519,0.018365,0.033456
0.26389,0.12557,0.079404,0.096118,0.08155,0.087647,0.026766
0.20883,0.12579,0.076404,0.19891,0.13534,0.183,0.016759
0.14702,0.066634,0.11154,0.11636,0.040903,0.11568,0.026245
0.15385,0.071585,0.10355,0.058936,0.13253,0.12386,0.028263
0.28905,0.2455,0.12331,0.14741,0.1927,0.19483,0.027735
0.12206,0.1305,0.10583,0.051622,0.015525,0.11428,0.023539
0.06204,0.019842,0.077463,0.093598,0.0159,0.088365,0.037903
0.085859,0.081743,0.12907,0.11781,0.18873,0.032814,0.017684
0.013988,0.1252,0.046383,0.033787,0.048917,0.02478,0.01795
0.094271,0.1789,0.11345,0.010472,0.037113,0.032412,0.037523
0.16445,0.17025,0.054366,0.17201,0.079666,0.12772,0.035024
0.14061,0.0077954,0.11678,0.19843,0.094717,0.065158,0.039503
0.09857,0.02743,0.11409,0.13768,0.080214,0.12193,0.037502
0.0082691,0.08773,0.036353,0.12503,0.07173,0.026775,0.021862
0.089878,0.079998,0.035853,0.19748,0.13327,0.14747,0.041974
0.078674,0.16149,0.035051,0.16239,0.042373,0.12748,0.01519
0.023416,0.11316,0.066962,0.016835,0.024954,0.16755,0.035202
0.014038,0.085865,0.059551,0.056935,0.11666,0.18602,0.029292
0.086755,0.058373,0.024665,0.10447,0.046054,0.049741,0.029985
0.068291,0.11605,0.022372,0.016591,0.18547,0.07845,0.03394
0.29103,0.14539,0.036672,0.043762,0.10378,0.15279,0.036692
0.033066,0.056592,0.03127,0.087599,0.028317,0.10806,0.041407
0.19484,0.087652,0.043388,0.10553,0.11774,0.094604,0.032615
0.28144,0.21098,0.070469,0.11747,0.022701,0.019039,0.029818
0.074381,0.0023109,0.053184,0.049995,0.1186,0.018649,0.030322
0.29001,0.03393,0.010645,0.032996,0.074712,0.036802,0.039461
0.14395,0.0092964,0.013046,0.16398,0.16496,0.19225,0.039786
0.19815,0.10123,0.11918,0.11003,0.15255,0.094292,0.02159
0.011111,0.14193,0.12997,0.14782,0.11451,0.19513,0.033314
0.23777,0.27923,0.047428,0.10274,0.018876,0.097346,0.014733
0.040128,0.06872,0.098792,0.13883,0.063935,0.14545,0.011674
0.09066,0.080816,0.037607,0.17856,0.021056,0.18251,0.020518
0.14922,0.019594,0.045452,0.071572,0.031121,0.027378,0.037255
0.098615,0.019403,0.039626,0.11095,0.064869,0.17715,0.02111
0.046888,0.096928,0.030545,0.1243,0.10328,0.16186,0.041114
0.084915,0.14678,0.089957,0.10101,0.18968,0.057383,0.013317
0.036083,0.11242,0.049981,0.074524,0.18816,0.06277,0.030209
0.048844,0.014308,0.059316,0.1887,0.17839,0.20121,0.021498
0.066578,0.061092,0.074374,0.18319,0.032835,0.19346,0.029246
0.11143,0.26953,0.078261,0.12721,0.06066,0.19757,0.028611
0.064178,0.16713,0.11513,0.11313,0.14422,0.10383,0.028646
0.0048657,0.081581,0.098318,0.10184,0.078022,0.18907,0.024483
0.057239,0.0032364,0.072865,0.16057,0.040444,0.14325,0.023043
0.041322,0.12351,0.11904,0.15746,0.1646,0.024846,0.012094
0.053177,0.0079315,0.083314,0.18518,0.029543,0.17987,0.033831
0.13184,0.20599,0.074306,0.077843,0.019191,0.063994,0.012945
0.24184,0.041373,0.096229,0.097031,0.11128,0.11003,0.028138
0.053046,0.025059,0.12505,0.071947,0.060123,0.1672,0.011894
0.16029,0.14022,0.10058,0.060529,0.20154,0.10613,0.031748
0.10993,0.041789,0.093747,0.011252,0.15705,0.19363,0.013974
0.029708,0.065479,0.072601,0.12162,0.037017,0.1507,0.025551
0.23601,0.046343,0.079659,0.05243,0.11651,0.14308,0.035281
0.043126,0.026487,0.021193,0.074723,0.14758,0.013416,0.03277
0.16833,0.2629,0.10014,0.14849,0.12419,0.18537,0.028353
0.19135,0.23761,0.1218,0.13005,0.035473,0.071784,0.017675
0.16859,0.010116,0.12098,0.042271,0.17265,0.14716,0.014378
0.098407,0.10832,0.1124,0.14178,0.15405,0.1769,0.028051
0.0043031,0.035113,0.026862,0.086504,0.10543,0.16478,0.015487
0.048338,0.2346,0.055008,0.1188,0.018378,0.10655,0.019829
0.062214,0.15013,0.016293,0.025999,0.15437,0.047658,0.035362
0.088299,0.042367,0.06743,0.1491,0.036005,0.083898,0.041886
0.095441,0.11157,0.11551,0.072519,0.17216,0.16289,0.020703
0.085145,0.036163,0.051307,0.20171,0.017883,0.047328,0.033864
0.19549,0.15828,0.039023,0.055135,0.059586,0.045881,0.024943
0.13816,0.031865,0.083037,0.068135,0.13636,0.12299,0.022197
0.065224,0.081631,0.014185,0.083354,0.11074,0.052491,0.012803
0.066058,0.0099459,0.11312,0.14168,0.15117,0.13944,0.027385
0.10851,0.29165,0.010455,0.055074,0.017373,0.13331,0.012879
0.017266,0.11722,0.022788,0.143,0.17155,0.034098,0.035393
0.034834,0.13448,0.040229,0.090908,0.093911,0.11158,0.033551
0.12503,0.1507,0.012125,0.015561,0.11375,0.019586,0.038403
0.0058609,0.21759,0.028744,0.13653,0.084955,0.017047,0.029883
0.046696,0.0067133,0.095988,0.052177,0.045318,0.14469,0.011761
0.15452,0.023324,0.12468,0.097795,0.014942,0.041494,0.041773
0.23681,0.11749,0.11923,0.015919,0.065848,0.038062,0.034238
0.071293,0.24232,0.027784,0.061464,0.064107,0.032181,0.030116
0.11099,0.091646,0.093849,0.066553,0.025911,0.13082,0.033582
0.026371,0.15644,0.061384,0.018091,0.050016,0.035973,0.02021
0.04488,0.024059,0.084315,0.010962,0.11679,0.15334,0.014763
0.02168,0.064849,0.019572,0.12897,0.17739,0.1608,0.032923
0.14615,0.037976,0.060385,0.06233,0.12981,0.071907,0.036509
0.26452,0.10445,0.12582,0.069461,0.045526,0.12137,0.018286
0.066921,0.11155,0.048323,0.11539,0.050802,0.029347,0.021287
0.079522,0.21142,0.051133,0.11484,0.1029,0.023422,0.039823
0.12209,0.15589,0.10402,0.12466,0.053241,0.1667,0.03833
0.19668,0.048935,0.10729,0.085137,0.056124,0.054382,0.041941
0.18937,0.086491,0.11664,0.19082,0.13384,0.034762,0.010825
0.1211,0.2185,0.029982,0.11659,0.16386,0.092126,0.02211
0.062754,0.18692,0.077012,0.12091,0.049262,0.079429,0.037217
0.013849,0.09051,0.11131,0.11267,0.1742,0.1828,0.040187
0.13836,0.12847,0.025052,0.12338,0.01187,0.10277,0.02332
0.081388,0.1647,0.036466,0.17613,0.14846,0.14432,0.016604
0.071886,0.16193,0.11723,0.18956,0.18985,0.01085,0.031701
0.040319,0.066783,0.050764,0.19954,0.16412,0.10565,0.012016
0.032776,0.16517,0.056916,0.18315,0.14307,0.18227,0.031379
0.12624,0.050297,0.086433,0.12407,0.049611,0.096524,0.03962
0.026956,0.2806,0.025737,0.18134,0.071152,0.020309,0.027261
0.1011,0.18656,0.049603,0.024665,0.15987,0.11776,0.033921
0.18069,0.024687,0.026797,0.031551,0.14418,0.043762,0.024549
0.2176,0.037356,0.068562,0.053078,0.020468,0.13236,0.034959
0.19053,0.01582,0.029793,0.19214,0.1723,0.19037,0.015396
0.12964,0.052209,0.071576,0.015182,0.13886,0.17494,0.02271
0.25251,0.091057,0.026369,0.023094,0.1844,0.013057,0.019399
0.04865,0.25316,0.065663,0.13257,0.15661,0.014822,0.022242
0.026857,0.023734,0.056693,0.049062,0.11979,0.095994,0.01465
0.038445,0.064748,0.068257,0.16973,0.010933,0.17841,0.03232
0.043957,0.0050226,0.079073,0.18413,0.13796,0.046468,0.039174
0.025482,0.094179,0.12843,0.17683,0.04438,0.024143,0.018141
0.031413,0.13578,0.08945,0.11902,0.056804,0.051754,0.031218
0.043021,0.058045,0.064824,0.061037,0.072638,0.14047,0.031849
0.016974,0.023189,0.051626,0.12108,0.044593,0.13741,0.031556
0.028409,0.10234,0.042695,0.16608,0.022177,0.068077,0.027115
0.20566,0.052205,0.06153,0.18167,0.10358,0.11509,0.010086
0.06572,0.06695,0.042924,0.1904,0.03251,0.1429,0.041172
0.08603,0.12188,0.027236,0.040186,0.041208,0.14419,0.037684
0.20593,0.024138,0.11618,0.035792,0.1393,0.13832,0.028003
0.21283,0.041005,0.088069,0.017013,0.051054,0.055586,0.01964
0.088061,0.25682,0.034808,0.049763,0.14376,0.10486,0.022429
0.13972,0.17132,0.078599,0.097353,0.15197,0.19153,0.013931
0.24585,0.056869,0.0676,0.090623,0.10865,0.1906,0.013894
0.24056,0.087765,0.12448,0.16138,0.035189,0.038382,0.010096
0.096244,0.069757,0.082131,0.098498,0.19663,0.11095,0.025822
0.052196,0.11904,0.034573,0.19807,0.082402,0.066403,0.018337
0.052872,0.13196,0.09642,0.13334,0.12298,0.15019,0.018011
0.077013,0.20128,0.074044,0.1475,0.031774,0.13767,0.039956
0.2999,0.15375,0.031935,0.099578,0.17983,0.13448,0.033639
0.065502,0.041611,0.094289,0.086692,0.09618,0.089782,0.030734
0.026558,0.20218,0.081342,0.070275,0.16013,0.073297,0.025071
0.15082,0.1209,0.097533,0.13896,0.073128,0.16693,0.028832
0.1254,0.0021033,0.016637,0.11006,0.10431,0.12343,0.02586
0.08212,0.024848,0.10969,0.10961,0.019759,0.016505,0.013392
0.12119,0.035918,0.068767,0.069761,0.13323,0.14873,0.022484
0.042077,0.091579,0.081079,0.020476,0.11519,0.1306,0.011745
0.18634,0.22197,0.12352,0.14237,0.18373,0.015556,0.032405
0.069381,0.099794,0.070342,0.20136,0.14783,0.091244,0.014428
0.093949,0.090505,0.054672,0.10602,0.16449,0.1522,0.03871
0.17617,0.070201,0.12069,0.12877,0.015729,0.13722,0.029401
0.057331,0.033592,0.11236,0.063031,0.091233,0.068361,0.040623
0.10463,0.10731,0.11308,0.14339,0.046357,0.093875,0.012757
0.24256,0.065677,0.087436,0.032688,0.17134,0.15666,0.03587
0.12396,0.15559,0.12918,0.14207,0.014056,0.17197,0.024046
0.029954,0.024786,0.090785,0.12245,0.10524,0.11229,0.013081
0.16698,0.032334,0.072932,0.084088,0.091122,0.080491,0.04144
0.1309,0.0024795,0.092139,0.11966,0.13538,0.13926,0.011263
0.030435,0.015265,0.066825,0.029166,0.096231,0.031753,0.034127
0.057235,0.14996,0.062407,0.16566,0.026019,0.069319,0.033893
0.13315,0.094864,0.094446,0.14345,0.070945,0.11326,0.038271
0.049675,0.13522,0.011537,0.099158,0.13189,0.017228,0.010592
0.13287,0.14822,0.083887,0.16703,0.11238,0.17899,0.018964
0.10373,0.089574,0.052906,0.043253,0.010004,0.18078,0.036339
0.069488,0.14843,0.029834,0.070377,0.16621,0.12227,0.017489
0.18162,0.08881,0.10292,0.025126,0.040673,0.12678,0.031183
0.1483,0.11053,0.02428,0.18728,0.11442,0.11755,0.03653
0.042213,0.0070501,0.10273,0.083247,0.10812,0.092614,0.038224
0.006337,0.16412,0.10704,0.044064,0.10908,0.072516,0.027142
0.1091,0.048867,0.060573,0.1979,0.034366,0.11991,0.03209
0.045318,0.082113,0.083176,0.021509,0.10346,0.11621,0.020855
0.11342,0.29203,0.096648,0.076056,0.084728,0.12985,0.023385
0.029919,0.10581,0.10255,0.18001,0.1386,0.079246,0.016009
0.050074,0.050529,0.014638,0.10485,0.17576,0.011182,0.029529
0.1856,0.091594,0.038194,0.014134,0.13165,0.096182,0.036651
0.16435,0.14768,0.088683,0.13024,0.062623,0.19142,0.016645
0.15117,0.017029,0.10607,0.10621,0.19684,0.11109,0.034905
0.19857,0.18719,0.12664,0.18759,0.11094,0.095614,0.035247
0.2031,0.20059,0.10195,0.097565,0.14995,0.06443,0.032015
0.11369,0.092607,0.098649,0.18596,0.16085,0.076579,0.033705
0.024835,0.051097,0.02487,0.073108,0.05225,0.049802,0.016515
0.12821,0.16567,0.037177,0.1323,0.15225,0.16619,0.039912
0.098638,0.27956,0.10618,0.015312,0.08511,0.04248,0.038886
0.098457,0.034357,0.071521,0.055317,0.03991,0.078339,0.018179
0.21062,0.10292,0.028547,0.16153,0.1782,0.12241,0.018878
0.047647,0.23782,0.03802,0.087436,0.072201,0.10162,0.020198
0.017909,0.084653,0.038574,0.036931,0.19063,0.10047,0.032819
0.25764,0.16214,0.12396,0.084793,0.016352,0.011757,0.019298
0.089423,0.25318,0.071018,0.19573,0.17321,0.16593,0.016811
0.052029,0.22632,0.059956,0.012197,0.14683,0.076019,0.038659
0.020545,0.08789,0.034275,0.08155,0.071866,0.075553,0.039275
0.095022,0.058754,0.044539,0.096472,0.077929,0.089563,0.016947
0.20166,0.074394,0.063409,0.13508,0.035097,0.067672,0.038837
0.14033,0.033262,0.12372,0.17389,0.15639,0.083464,0.027926
0.082939,0.13008,0.066144,0.020621,0.084282,0.066865,0.031306
0.27449,0.12742,0.05759,0.053802,0.050294,0.16534,0.025949
0.027907,0.22442,0.064169,0.19107,0.15951,0.13,0.014218
0.13719,0.15816,0.04333,0.18424,0.17932,0.04479,0.021457
0.041719,0.018641,0.099691,0.01423,0.19492,0.10075,0.030559
0.10207,0.13995,0.021406,0.13571,0.14191,0.19015,0.036574
0.15418,0.13323,0.10754,0.079701,0.16423,0.098353,0.027659
0.15557,0.25275,0.086956,0.11029,0.19884,0.012633,0.023513
0.074788,0.2117,0.085427,0.18984,0.19155,0.12957,0.034021
0.046057,0.28425,0.088331,0.17009,0.11701,0.10182,0.017026
0.016748,0.026767,0.021587,0.024501,0.080789,0.11377,0.01922
0.074254,0.09831,0.028295,0.046265,0.19512,0.044505,0.041638
0.018079,0.040665,0.090738,0.040118,0.19424,0.16423,0.037855
0.096887,0.054963,0.013161,0.075485,0.070716,0.16554,0.013517
0.029236,0.12499,0.062461,0.067596,0.10025,0.20075,0.036057
0.044047,0.15241,0.012603,0.069142,0.18712,0.090405,0.037958
0.033897,0.22213,0.02515,0.055603,0.081098,0.064298,0.013686
0.068248,0.21724,0.07956,0.088067,0.16598,0.024011,0.020128
0.062542,0.22907,0.10246,0.15801,0.18217,0.12456,0.028695
0.095933,0.021821,0.01296,0.021163,0.16092,0.18489,0.028299
0.095565,0.043005,0.11205,0.074429,0.067589,0.027953,0.030632
0.054767,0.027929,0.074157,0.11207,0.069272,0.099497,0.020977
0.0095094,0.13398,0.12077,0.16325,0.14282,0.11723,0.034622
0.076643,0.24103,0.089261,0.038592,0.062086,0.1628,0.034056
0.10393,0.17169,0.023384,0.16899,0.054398,0.031599,0.016659
0.052598,0.09884,0.036266,0.044528,0.016041,0.09065,0.023181
0.083572,0.16466,0.075201,0.16646,0.15976,0.061609,0.032859
0.16947,0.093866,0.05584,0.13458,0.19707,0.068374,0.032564
0.1425,0.029111,0.088392,0.13527,0.054811,0.049322,0.019999
0.28406,0.091502,0.10042,0.16745,0.18725,0.028885,0.023099
0.19345,0.060094,0.076918,0.064868,0.067734,0.086934,0.036304
0.22378,0.10201,0.075413,0.14711,0.091768,0.092256,0.031133
0.19514,0.070195,0.092523,0.14707,0.19185,0.19583,0.019493
0.067928,0.020734,0.022551,0.16824,0.090417,0.033582,0.041721
0.1158,0.17366,0.099067,0.13391,0.015241,0.087175,0.037717
0.199,0.043761,0.05426,0.044615,0.2007,0.17605,0.03409
0.062661,0.041095,0.02271,0.059425,0.1868,0.17382,0.021528
0.22512,0.039003,0.045247,0.17425,0.055567,0.033715,0.029016
0.073524,0.10552,0.10504,0.11078,0.20031,0.054867,0.01452
0.096755,0.22089,0.067143,0.023341,0.1069,0.078989,0.018907
0.2006,0.095126,0.023635,0.043181,0.012474,0.051983,0.022789
0.076231,0.10064,0.098884,0.19338,0.17065,0.15101,0.016846
0.19452,0.039237,0.11636,0.02386,0.16741,0.17411,0.041918
0.020009,0.016978,0.091856,0.090332,0.19286,0.15627,0.032128
0.026042,0.11071,0.089414,0.034905,0.057303,0.18854,0.029208
0.27925,0.23045,0.070831,0.067233,0.12527,0.021477,0.021317
0.17302,0.17674,0.05695,0.1844,0.16889,0.18775,0.034411
0.19291,0.047301,0.011106,0.04118,0.1912,0.15799,0.037578
0.068729,0.065757,0.12601,0.13466,0.1576,0.048157,0.029052
0.075516,0.1094,0.052593,0.17292,0.082751,0.026363,0.012183
0.14905,0.0084146,0.12103,0.17917,0.08466,0.021751,0.020287
0.17243,0.025492,0.12427,0.019076,0.013062,0.1801,0.024099
0.060379,0.10172,0.041525,0.1586,0.047529,0.015782,0.021236
0.14249,0.033799,0.010044,0.13977,0.094116,0.076854,0.014316
0.013037,0.22382,0.11535,0.09077,0.020307,0.024253,0.025414
0.014938,0.21443,0.11648,0.10331,0.061424,0.064904,0.019321
0.19146,0.065207,0.051652,0.13163,0.079818,0.049993,0.018646
0.038708,0.049492,0.061621,0.07224,0.13727,0.1002,0.023441
0.037418,0.026348,0.057306,0.092385,0.18313,0.20196,0.030955
0.026406,0.24224,0.066365,0.20106,0.096787,0.17672,0.038243
0.014854,0.016926,0.06582,0.031769,0.14101,0.015736,0.018125
0.15758,0.19183,0.085272,0.12405,0.050545,0.19097,0.014083
0.10229,0.098512,0.099317,0.092264,0.19041,0.02162,0.037112
0.025795,0.16545,0.092763,0.17909,0.023329,0.037227,0.024498
0.23367,0.018767,0.10524,0.093106,0.046507,0.025567,0.040925
0.11496,0.14451,0.031472,0.062506,0.072408,0.095792,0.02782
0.048082,0.19025,0.12701,0.056164,0.19629,0.15173,0.022651
0.046889,0.072651,0.10594,0.08071,0.086353,0.11208,0.032477
0.011716,0.1879,0.11054,0.028428,0.18241,0.17766,0.023692
0.26151,0.083973,0.081925,0.06408,0.047162,0.055279,0.033513
0.22592,0.13312,0.11713,0.11924,0.085886,0.20044,0.02295
0.11189,0.025132,0.070221,0.012671,0.096636,0.020913,0.034131
0.28911,0.13868,0.12768,0.18698,0.12871,0.1987,0.011411
0.14574,0.062785,0.068894,0.028077,0.18612,0.077035,0.038686
0.014364,0.087094,0.044825,0.035278,0.14574,0.077675,0.036264
0.13178,0.1833,0.036019,0.033125,0.09533,0.1009,0.030811
0.18013,0.099501,0.017713,0.17346,0.15574,0.082264,0.033057
0.13385,0.071715,0.097321,0.16588,0.044238,0.078029,0.017642
0.01487,0.045289,0.12529,0.1116,0.1795,0.077395,0.020614
0.0063363,0.011996,0.043142,0.075458,0.15317,0.053756,0.026443
0.2032,0.09414,0.016567,0.13646,0.025011,0.029854,0.013585
0.033922,0.06688,0.025421,0.1253,0.0623,0.1976,0.03103
0.066694,0.16211,0.12979,0.06669,0.06607,0.16035,0.031083
0.14121,0.1227,0.074771,0.059865,0.026488,0.063187,0.041077
0.03789,0.20081,0.085785,0.16212,0.088664,0.18435,0.020835
0.1668,0.19531,0.082266,0.17876,0.056015,0.11706,0.011497
0.06533,0.29606,0.041664,0.14012,0.072312,0.18976,0.035984
0.095349,0.054256,0.024967,0.15768,0.087691,0.094006,0.025029
0.076813,0.013159,0.061205,0.089063,0.16659,0.19989,0.027766
0.037386,0.1224,0.014391,0.018273,0.20008,0.18417,0.021141
0.14655,0.060625,0.047814,0.046803,0.042922,0.023697,0.020474
0.10328,0.047248,0.12204,0.13747,0.17044,0.14775,0.011112
0.17075,0.0085461,0.011026,0.080958,0.09584,0.20124,0.020724
0.05408,0.14384,0.039211,0.068285,0.11876,0.057567,0.0329
0.13012,0.015395,0.11814,0.094914,0.092139,0.13377,0.010865
0.01328,0.16312,0.1033,0.1422,0.068874,0.074313,0.024395
0.097592,0.083096,0.074467,0.16402,0.17812,0.14093,0.037387
0.13563,0.023393,0.10074,0.16685,0.070534,0.12165,0.03111
0.10092,0.063041,0.1053,0.068479,0.10119,0.1991,0.011055
0.12151,0.28186,0.081436,0.10422,0.16718,0.072974,0.013056
0.013549,0.030047,0.10821,0.060351,0.012579,0.062853,0.032498
0.017586,0.039354,0.07203,0.055853,0.15391,0.081776,0.018837
0.095233,0.036785,0.071826,0.11055,0.12695,0.050775,0.04023
0.25206,0.1199,0.06937,0.046931,0.10083,0.11466,0.027555
0.092966,0.10769,0.12559,0.16103,0.11403,0.16636,0.011364
0.1859,0.072001,0.014229,0.087269,0.13248,0.12673,0.024991
0.24987,0.0071813,0.10225,0.01878,0.1979,0.053426,0.019761
0.079642,0.11885,0.091318,0.15486,0.05161,0.070437,0.034561
0.13812,0.24565,0.015157,0.16797,0.11138,0.080351,0.030981
0.069709,0.025169,0.05337,0.026909,0.092844,0.038787,0.028375
0.0025536,0.057288,0.086087,0.1285,0.097188,0.040583,0.01551
0.17274,0.0098031,0.020188,0.038831,0.070155,0.18788,0.037984
0.021242,0.16975,0.027744,0.15879,0.042757,0.11189,0.026501
0.05974,0.11416,0.093282,0.041926,0.11767,0.1491,0.04028
0.066241,0.059993,0.10444,0.17721,0.092204,0.019407,0.041307
0.058716,0.13385,0.0404,0.12352,0.059904,0.14583,0.013862
0.061024,0.091845,0.10087,0.11846,0.027914,0.18967,0.011177
0.0048454,0.090146,0.066172,0.081122,0.12057,0.13048,0.032282
0.069009,0.2169,0.1263,0.19228,0.19214,0.051253,0.030794
0.14606,0.20912,0.062005,0.11791,0.13629,0.10753,0.029343
0.083105,0.24614,0.064673,0.1066,0.15604,0.073688,0.039212
0.18736,0.11332,0.012174,0.058561,0.14605,0.11341,0.0204
0.044003,0.25598,0.010807,0.16174,0.039692,0.070686,0.018692
0.19212,0.27475,0.11218,0.14104,0.038484,0.05769,0.038072
0.14725,0.0052816,0.098456,0.057733,0.15166,0.11744,0.031615
0.15422,0.015088,0.080414,0.17489,0.063175,0.17798,0.013577
0.01023,0.1254,0.10121,0.094025,0.14355,0.028636,0.028498
0.18235,0.046028,0.12797,0.094349,0.070289,0.0588,0.016342
0.23838,0.16666,0.12282,0.075933,0.18418,0.083286,0.024975
0.073455,0.050447,0.12458,0.16929,0.063528,0.026544,0.039944
0.10743,0.047995,0.049381,0.10531,0.16317,0.022183,0.022019
0.2561,0.012163,0.015402,0.17268,0.18646,0.11793,0.017842
0.05284,0.15074,0.086626,0.031105,0.071349,0.050452,0.036325
0.20479,0.042574,0.030775,0.16461,0.078705,0.12797,0.041847
0.023894,0.22307,0.043836,0.1965,0.029653,0.093309,0.034484
0.047877,0.034524,0.081703,0.18389,0.13149,0.10479,0.015802
0.08633,0.10934,0.091826,0.04945,0.1313,0.14031,0.018758
0.21385,0.11154,0.027326,0.12228,0.17644,0.073084,0.039715
0.0787,0.23481,0.036119,0.15475,0.12765,0.16227,0.02873
0.2361,0.090996,0.1297,0.04847,0.017533,0.12039,0.023867
0.19174,0.043316,0.11193,0.16487,0.052857,0.037401,0.012647
0.098748,0.068869,0.10005,0.14251,0.20185,0.12013,0.012984
0.16301,0.14545,0.10346,0.15723,0.060076,0.052394,0.015716
0.021129,0.11122,0.080954,0.062694,0.18583,0.16659,0.033006
0.080096,0.016045,0.10418,0.19362,0.13452,0.16921,0.031318
0.048485,0.12802,0.082745,0.11303,0.20093,0.10296,0.019874
0.11782,0.10375,0.046607,0.19241,0.12436,0.031173,0.02822
0.093375,0.091015,0.060717,0.14269,0.046799,0.016253,0.0401
0.044773,0.099795,0.083471,0.033934,0.14086,0.12901,0.015639
0.070239,0.051634,0.044585,0.038173,0.12115,0.1714,0.024053
0.1474,0.033038,0.088943,0.012078,0.075828,0.19243,0.022582
0.091203,0.078677,0.12027,0.19327,0.070062,0.038809,0.039298
0.1232,0.0072455,0.10881,0.18086,0.17901,0.017791,0.040001
0.077506,0.019385,0.045158,0.10745,0.056592,0.084516,0.025484
0.04003,0.1275,0.046261,0.035064,0.057439,0.12523,0.037195
0.13468,0.25339,0.11181,0.065036,0.026985,0.13561,0.028315
0.10563,0.15489,0.041692,0.031284,0.14963,0.12704,0.0356
0.23423,0.13871,0.025279,0.011386,0.16333,0.013816,0.014137
0.11939,0.036367,0.038904,0.1625,0.027221,0.10597,0.023779
0.17584,0.079426,0.09551,0.089458,0.16746,0.059537,0.027962
0.15725,0.078907,0.046186,0.10799,0.1656,0.10211,0.017821
0.048451,0.0054294,0.043012,0.13809,0.1615,0.082802,0.037022
0.21936,0.099511,0.087254,0.011766,0.18071,0.16095,0.016585
0.019676,0.071673,0.074646,0.19711,0.099846,0.15835,0.036977
0.053235,0.0088409,0.12378,0.070677,0.019836,0.062357,0.040691
0.12552,0.19116,0.042594,0.16515,0.17197,0.072109,0.028985
0.02095,0.15893,0.11016,0.08576,0.065903,0.17724,0.031492
0.062808,0.18163,0.10106,0.028636,0.095138,0.19971,0.02191
0.17966,0.0044078,0.12552,0.18991,0.063295,0.015153,0.040064
0.0058454,0.058186,0.065464,0.17991,0.13611,0.082673,0.014673
0.052394,0.15562,0.12722,0.025393,0.099413,0.11888,0.022764
0.23854,0.16484,0.049308,0.094773,0.18605,0.1582,0.012337
0.14902,0.085833,0.035678,0.12693,0.082804,0.16165,0.016165
0.18984,0.13216,0.050237,0.045258,0.15829,0.10824,0.034651
0.06204,0.17911,0.07092,0.061733,0.11544,0.18048,0.03376
0.17368,0.17505,0.11938,0.19506,0.024665,0.081894,0.026899
0.2489,0.15779,0.075156,0.18819,0.083184,0.14217,0.040326
0.11516,0.26826,0.090235,0.12034,0.16046,0.11463,0.022619
0.16815,0.090142,0.010171,0.041648,0.08836,0.055955,0.01259
0.0094833,0.024456,0.059571,0.15429,0.04339,0.072677,0.024612
0.065203,0.1407,0.066589,0.020282,0.17872,0.025436,0.016884
0.057966,0.12841,0.045281,0.013896,0.041904,0.11924,0.018239
0.063281,0.15783,0.091002,0.090226,0.0106,0.037764,0.02936
0.065258,0.26753,0.093584,0.12738,0.06197,0.16808,0.025924
0.2567,0.24204,0.084806,0.15542,0.094638,0.07988,0.036214
0.095004,0.21528,0.045034,0.10311,0.19584,0.076146,0.027452
0.049055,0.074764,0.087391,0.040865,0.18008,0.085669,0.017352
0.1969,0.060492,0.045884,0.20152,0.11497,0.14994,0.036808
0.14602,0.0069654,0.057974,0.050518,0.16134,0.071343,0.035891
0.10548,0.20345,0.11378,0.084311,0.066379,0.19411,0.021035
0.095343,0.064912,0.068331,0.17968,0.19398,0.025059,0.040343
0.061334,0.067259,0.052276,0.037543,0.13493,0.16842,0.028794
0.05741,0.11424,0.084415,0.16803,0.19981,0.19964,0.022971
0.082836,0.002975,0.07663,0.13631,0.12817,0.10454,0.024648
0.041591,0.13699,0.075823,0.15557,0.15283,0.050307,0.030393
0.11321,0.28175,0.059191,0.14671,0.15487,0.1448,0.028891
0.023896,0.072844,0.11858,0.18799,0.034619,0.031404,0.024361
0.12653,0.15048,0.10064,0.15612,0.093115,0.18615,0.013487
0.17616,0.065408,0.065209,0.20002,0.12065,0.041101,0.023657
0.22679,0.042348,0.048876,0.086291,0.11633,0.16955,0.035598
0.078067,0.10424,0.051806,0.043976,0.024131,0.034252,0.030859
0.072219,0.098259,0.03048,0.098766,0.14304,0.098037,0.011851
0.19568,0.064118,0.071121,0.042594,0.050366,0.11363,0.012397
0.14012,0.24088,0.024027,0.048919,0.19922,0.056878,0.035648
0.034505,0.0067387,0.067845,0.16739,0.039325,0.13132,0.022155
0.060218,0.065666,0.099788,0.082917,0.14642,0.012231,0.027294
0.057448,0.08314,0.020009,0.10942,0.15548,0.030209,0.029511
0.069086,0.074738,0.11504,0.14313,0.099162,0.051067,0.038468
0.19733,0.11104,0.057275,0.049735,0.12399,0.14017,0.032452
0.006629,0.010502,0.016107,0.18681,0.12126,0.16006,0.035472
0.063524,0.057599,0.018109,0.15916,0.011377,0.013463,0.017982
0.2413,0.05994,0.05034,0.083852,0.14662,0.12623,0.017585
0.059544,0.0053689,0.013475,0.2003,0.16059,0.093675,0.024166
0.014677,0.15651,0.035712,0.10881,0.15135,0.044569,0.026951
0.14318,0.092169,0.082948,0.14966,0.011233,0.17566,0.034674
0.24185,0.21699,0.075308,0.023726,0.032878,0.02964,0.030133
0.13718,0.21693,0.10868,0.064256,0.11217,0.17623,0.027213
0.26481,0.071429,0.015785,0.16435,0.079268,0.1256,0.036389
0.10984,0.25561,0.017261,0.15198,0.17973,0.098256,0.021581
0.041775,0.020933,0.053751,0.15365,0.10395,0.092965,0.01558
0.035703,0.078163,0.0778,0.061966,0.076838,0.13408,0.021618
0.059771,0.039956,0.047526,0.051287,0.11833,0.080692,0.017074
0.10309,0.17789,0.12153,0.19453,0.12647,0.065837,0.03849
0.23307,0.12731,0.10945,0.12843,0.17485,0.16896,0.028402
0.092202,0.019599,0.11421,0.063211,0.17395,0.13807,0.020344
0.063149,0.1841,0.057405,0.19016,0.099604,0.15605,0.030473
0.18199,0.098554,0.12659,0.059208,0.082374,0.12364,0.040855
0.0050206,0.090125,0.061864,0.1948,0.15683,0.10331,0.033241
0.060356,0.074623,0.11076,0.17022,0.082159,0.024562,0.017136
0.047584,0.035232,0.037728,0.065702,0.056401,0.044206,0.011575
0.25744,0.16664,0.085134,0.11596,0.18897,0.02722,0.032157
0.0078752,0.14007,0.10626,0.10723,0.068208,0.014494,0.011381
0.209,0.13213,0.025992,0.15283,0.13574,0.10402,0.040958
0.08911,0.22515,0.10207,0.14057,0.048376,0.03501,0.030514
0.080924,0.1034,0.090985,0.15115,0.031491,0.039165,0.015183
0.16133,0.033965,0.076134,0.15602,0.043516,0.14195,0.012299
0.061584,0.093389,0.029014,0.13187,0.18062,0.016009,0.012714
0.17394,0.085086,0.075931,0.056804,0.13067,0.070001,0.040993
0.06039,0.12896,0.018296,0.052685,0.05689,0.17453,0.014552
0.18255,0.14869,0.12134,0.095627,0.12159,0.014312,0.041607
0.085489,0.16959,0.032872,0.14583,0.14036,0.061125,0.035723
0.066779,0.031151,0.11748,0.13555,0.16534,0.1727,0.034856
0.16026,0.11683,0.034649,0.16052,0.11112,0.12417,0.039046
0.23221,0.23014,0.065683,0.091193,0.032435,0.010072,0.036963
0.066638,0.020049,0.029436,0.020814,0.031537,0.028261,0.020321
0.087734,0.02711,0.11044,0.13088,0.12154,0.13107,0.015021
0.10755,0.13962,0.048216,0.17542,0.13964,0.098736,0.026214
0.043237,0.086357,0.12484,0.034377,0.0595,0.17578,0.014812
0.12719,0.058818,0.066028,0.058741,0.15808,0.090834,0.030282
0.042797,0.15158,0.03239,0.01271,0.03329,0.070604,0.021382
0.23255,0.10398,0.072259,0.19604,0.17407,0.066651,0.036729
0.25795,0.088411,0.12309,0.14823,0.18458,0.16032,0.030084
0.28226,0.024904,0.1281,0.15264,0.092562,0.17319,0.012437
0.032531,0.035663,0.040114,0.10573,0.014783,0.021038,0.028661
0.010444,0.036298,0.01094,0.11479,0.013537,0.045063,0.023481
0.038266,0.10619,0.063098,0.10371,0.083041,0.145,0.017557
0.042806,0.17175,0.095584,0.16005,0.03028,0.087833,0.037325
0.25411,0.12428,0.053512,0.08023,0.013692,0.16341,0.030435
0.16269,0.14253,0.091454,0.11944,0.025476,0.050546,0.030182
0.27188,0.050222,0.05606,0.047754,0.015069,0.099896,0.031669
0.099262,0.024696,0.024407,0.19668,0.18179,0.13586,0.024115
0.10777,0.046768,0.12278,0.088765,0.16685,0.042694,0.010289
0.075828,0.0028725,0.048621,0.037314,0.10606,0.15917,0.01255
0.10698,0.10687,0.093428,0.09464,0.073968,0.1894,0.034818
0.0027389,0.22936,0.040293,0.15219,0.16958,0.091699,0.018789
0.023805,0.074147,0.011252,0.11417,0.041511,0.16415,0.020438
0.22765,0.021287,0.05089,0.068569,0.19645,0.084261,0.032023
0.021052,0.19898,0.011427,0.026413,0.10946,0.15755,0.01942
0.11391,0.098558,0.09117,0.12553,0.040194,0.16867,0.025644
0.098055,0.090226,0.016152,0.10173,0.10203,0.17967,0.03693
0.20639,0.0086306,0.079132,0.070935,0.18407,0.055721,0.039366
0.078074,0.13961,0.096637,0.083567,0.089768,0.029441,0.011659
0.027711,0.15956,0.092057,0.061152,0.087339,0.17104,0.016937
0.030096,0.18999,0.1117,0.02196,0.079489,0.07535,0.032807
0.085023,0.098218,0.033177,0.18619,0.10934,0.069829,0.023984
0.032469,0.24541,0.039513,0.093755,0.1737,0.089283,0.011978
0.14067,0.018319,0.084165,0.029421,0.041789,0.098974,0.025371
0.013121,0.12181,0.085559,0.13351,0.17688,0.054003,0.015981
0.27464,0.19944,0.068125,0.01371,0.107,0.13354,0.020565
0.04843,0.22619,0.055233,0.17763,0.15378,0.045327,0.017732
0.11347,0.0070729,0.047095,0.13431,0.0592,0.14661,0.014264
0.2322,0.16271,0.11095,0.11107,0.16765,0.04136,0.01273
0.013086,0.066691,0.1024,0.19637,0.16128,0.11137,0.016099
0.064727,0.20099,0.05321,0.10521,0.14827,0.16978,0.012215
0.28547,0.21214,0.12887,0.076382,0.053477,0.19179,0.017104
0.096543,0.23711,0.084107,0.15683,0.073445,0.051455,0.028564
0.15974,0.23497,0.060476,0.02351,0.15011,0.025259,0.024673
0.059293,0.12079,0.12735,0.015681,0.049755,0.072226,0.013032
0.028139,0.22104,0.11465,0.19306,0.092424,0.18175,0.021945
0.20819,0.11604,0.11403,0.10089,0.065106,0.13601,0.012838
0.29,0.011198,0.082672,0.054082,0.149,0.19535,0.026165
0.013965,0.22453,0.10858,0.14465,0.075407,0.061826,0.040134
0.035657,0.026602,0.062743,0.039422,0.02351,0.14621,0.033679
0.13123,0.15721,0.052117,0.1945,0.16856,0.12325,0.019013
0.21103,0.13015,0.12251,0.14631,0.12624,0.095156,0.014035
0.12785,0.015968,0.037388,0.20063,0.15925,0.13499,0.032184
0.10867,0.15467,0.055471,0.14835,0.08007,0.17656,0.022818
0.20359,0.092052,0.039739,0.11242,0.1746,0.025747,0.041362
0.085801,0.14269,0.074957,0.036714,0.020714,0.15878,0.027682
0.028918,0.047535,0.03492,0.16298,0.12288,0.1238,0.025211
0.079523,0.010203,0.10279,0.15111,0.037898,0.1869,0.012078
0.022322,0.10571,0.085097,0.14036,0.13587,0.079527,0.027053
0.14484,0.034026,0.11981,0.13601,0.03562,0.17365,0.019465
0.080208,0.25934,0.094892,0.022386,0.1079,0.17172,0.021802
0.11511,0.070156,0.10165,0.039284,0.18893,0.084795,0.029301
0.084696,0.12512,0.11762,0.036578,0.1423,0.044029,0.010036
0.033351,0.20963,0.015612,0.16706,0.026672,0.040858,0.033484
0.038908,0.15033,0.10797,0.10254,0.11742,0.091071,0.030023
0.127,0.14755,0.041122,0.12448,0.15287,0.082964,0.037803
0.046008,0.0682,0.014002,0.013579,0.129,0.15519,0.036482
0.11181,0.046693,0.11264,0.15922,0.1649,0.11413,0.035843
0.19533,0.046,0.071407,0.16941,0.10767,0.11694,0.040036
0.0045168,0.15532,0.019063,0.034475,0.12351,0.15245,0.021418
0.15934,0.20772,0.021826,0.15055,0.098683,0.060743,0.015731
0.19288,0.087444,0.1077,0.077998,0.034443,0.11954,0.026668
0.12996,0.034282,0.011821,0.15737,0.1975,0.037484,0.040429
0.0087035,0.050265,0.080758,0.062166,0.083873,0.016732,0.024578
0.16407,0.098974,0.037942,0.099847,0.067271,0.15642,0.025154
0.044777,0.23141,0.090469,0.019266,0.058906,0.042019,0.01375
0.014963,0.11331,0.098026,0.1765,0.05462,0.063608,0.037485
0.085375,0.16024,0.03977,0.025884,0.16928,0.039457,0.028784
0.07864,0.24193,0.073334,0.06127,0.026828,0.12475,0.034606
0.068745,0.19627,0.060963,0.014724,0.073632,0.058049,0.022182
0.025622,0.086206,0.017956,0.077544,0.036444,0.084015,0.016393
0.0055407,0.041213,0.033428,0.016475,0.087134,0.16067,0.039101
0.25081,0.083216,0.10852,0.17252,0.073756,0.067879,0.010855
0.14062,0.10872,0.067806,0.07264,0.044857,0.17212,0.025095
0.25775,0.12665,0.11028,0.13789,0.18826,0.086416,0.029739
0.17046,0.035393,0.020735,0.10266,0.038045,0.036472,0.011512
0.0052095,0.0061707,0.019881,0.050279,0.1392,0.036673,0.010962
0.046104,0.087013,0.10768,0.11184,0.13987,0.19262,0.032367
0.083137,0.18411,0.021103,0.055917,0.18137,0.02692,0.04135
0.084284,0.14397,0.094522,0.11362,0.15882,0.1969,0.023245
0.079017,0.085019,0.04851,0.010628,0.046919,0.10733,0.019926
0.13593,0.19078,0.060771,0.14388,0.19094,0.032031,0.03541
0.069794,0.011088,0.054865,0.058164,0.15112,0.041703,0.030307
0.26773,0.118,0.10363,0.075846,0.021147,0.12274,0.018537
0.10164,0.022254,0.11287,0.1005,0.076021,0.15133,0.029869
0.20263,0.1807,0.06666,0.10213,0.021652,0.15419,0.020162
0.01233,0.038857,0.10176,0.10344,0.053768,0.13687,0.016123
0.020807,0.092287,0.035489,0.16861,0.080533,0.13852,0.017321
0.05843,0.24544,0.080571,0.038762,0.060978,0.099134,0.022539
0.23029,0.10103,0.12862,0.18507,0.16263,0.077334,0.023818
0.075306,0.17388,0.10916,0.014506,0.19016,0.13174,0.04075
0.12501,0.13681,0.097921,0.079451,0.1258,0.12939,0.035669
0.21968,0.044693,0.019656,0.078741,0.034046,0.10856,0.021657
0.091371,0.1373,0.037269,0.1013,0.10267,0.10679,0.035798
0.050943,0.11487,0.057117,0.15451,0.012052,0.15775,0.022696
0.085276,0.055497,0.044296,0.075205,0.12673,0.14888,0.026688
0.12881,0.20815,0.010295,0.17879,0.097155,0.056587,0.027413
0.10065,0.16782,0.026198,0.17729,0.022546,0.047622,0.034974
0.13364,0.1547,0.086018,0.14426,0.14818,0.0104,0.015838
0.030319,0.16208,0.053955,0.08847,0.10806,0.17492,0.019545
0.21687,0.28295,0.033572,0.13711,0.055265,0.10917,0.020542
0.057696,0.088842,0.056677,0.048731,0.19933,0.11258,0.013233
0.09725,0.23498,0.031631,0.082172,0.037494,0.17825,0.029122
0.0057603,0.091907,0.055552,0.17175,0.090011,0.030016,0.017897
0.0073392,0.14989,0.078314,0.012927,0.18559,0.088807,0.02397
0.18911,0.023474,0.10554,0.021551,0.064577,0.018135,0.03956
0.14476,0.0089913,0.03113,0.202,0.025208,0.14379,0.01841
0.12044,0.13477,0.087712,0.025564,0.17593,0.089962,0.02291
0.069834,0.047328,0.028227,0.096913,0.12501,0.028557,0.010237
0.019725,0.20333,0.11602,0.1635,0.14468,0.035468,0.033362
0.13675,0.041669,0.099519,0.010266,0.052756,0.086113,0.036863
0.084618,0.17291,0.063173,0.12613,0.053118,0.017982,0.038542
0.10668,0.0097413,0.023199,0.12968,0.027324,0.11002,0.025252
0.10965,0.080156,0.048075,0.18242,0.014244,0.1863,0.034767
0.061801,0.0061678,0.046879,0.15053,0.19771,0.10787,0.02975
0.12379,0.13808,0.1091,0.044769,0.036148,0.15015,0.024275
0.073604,0.1809,0.11895,0.10584,0.12508,0.15924,0.041577
0.028104,0.15239,0.068518,0.078485,0.18109,0.11673,0.040148
0.12876,0.078284,0.075545,0.15295,0.19315,0.049362,0.030888
0.17051,0.12957,0.053882,0.18912,0.043048,0.066529,0.013111
0.049935,0.1348,0.083767,0.082963,0.20178,0.15694,0.027238
0.14846,0.062202,0.030726,0.17495,0.049391,0.023467,0.034161
0.10845,0.18336,0.018701,0.15993,0.12968,0.15571,0.033095
0.12518,0.020238,0.069915,0.16126,0.093822,0.019763,0.039658
0.13088,0.091399,0.11429,0.191,0.073286,0.03937,0.034432
0.23978,0.22374,0.09613,0.066215,0.17668,0.17163,0.011949
0.050109,0.016804,0.065158,0.17522,0.12955,0.18219,0.02315
0.19788,0.080077,0.013308,0.17567,0.034934,0.13869,0.039067
0.16311,0.16352,0.023822,0.017884,0.10128,0.1659,0.015412
0.057716,0.083903,0.015011,0.1928,0.028874,0.059039,0.013435
0.06688,0.026071,0.063628,0.03079,0.065448,0.18751,0.037443
0.28145,0.061374,0.021708,0.12283,0.14546,0.15552,0.032397
0.056528,0.020594,0.095876,0.14893,0.13391,0.039722,0.01849
0.1125,0.17092,0.12039,0.095929,0.055803,0.017307,0.018947
0.28523,0.068081,0.058392,0.13297,0.16015,0.094974,0.027517
0.028344,0.092959,0.036886,0.16015,0.18044,0.15586,0.038812
0.067461,0.060169,0.012435,0.063583,0.18526,0.15427,0.035966
0.064749,0.15706,0.078741,0.19385,0.051098,0.033933,0.010266
0.084248,0.03586,0.043616,0.12179,0.11609,0.13425,0.025189
0.074315,0.1217,0.11564,0.18471,0.16983,0.10518,0.033616
0.049939,0.14315,0.069172,0.11703,0.088756,0.13646,0.023297
0.17001,0.083612,0.026533,0.19727,0.17289,0.03993,0.014581
0.24703,0.0057026,0.017865,0.019646,0.09828,0.18728,0.01154
0.0036461,0.097911,0.049044,0.10789,0.087835,0.071216,0.015356
0.042372,0.21513,0.063934,0.12139,0.086813,0.096734,0.038777
0.12395,0.12202,0.01365,0.13141,0.09011,0.12513,0.031813
0.1409,0.063204,0.037546,0.033571,0.10741,0.023012,0.014783
0.093712,0.094971,0.035223,0.11427,0.019486,0.020169,0.041786
0.096717,0.0036115,0.10305,0.13949,0.11949,0.040512,0.03549
0.19878,0.23145,0.11582,0.1878,0.10997,0.19825,0.028947
0.010956,0.16963,0.042282,0.016169,0.039966,0.08019,0.017918
0.11223,0.15279,0.029625,0.022925,0.038961,0.16948,0.019101
0.053129,0.2596,0.10743,0.16453,0.10727,0.17433,0.020959
0.21967,0.19125,0.053611,0.15087,0.043761,0.048741,0.031955
0.0044925,0.21389,0.11623,0.15013,0.10179,0.15202,0.011229
0.023213,0.049383,0.09924,0.12252,0.087398,0.10144,0.034347
0.21931,0.050747,0.11275,0.059993,0.11716,0.068933,0.019188
0.010871,0.1607,0.032447,0.19621,0.12865,0.084433,0.026597
0.096552,0.12879,0.060075,0.067132,0.17013,0.046586,0.018375
0.18874,0.052129,0.020438,0.054826,0.029962,0.15287,0.037597
0.10903,0.19247,0.027111,0.09567,0.033511,0.11611,0.013208
0.19878,0.10358,0.098407,0.1068,0.18632,0.2017,0.040901
0.15136,0.037146,0.072663,0.057275,0.058337,0.16765,0.033969
0.10728,0.12733,0.084576,0.13404,0.14148,0.10767,0.025427
0.15139,0.031253,0.032094,0.050783,0.15447,0.097688,0.031452
0.067124,0.038493,0.06539,0.047541,0.042551,0.13194,0.015785
0.19389,0.25119,0.12318,0.069962,0.061685,0.13913,0.021347
0.1023,0.045956,0.085674,0.17469,0.167,0.054614,0.029802
0.13571,0.099027,0.047316,0.034763,0.078257,0.055375,0.026327
0.089354,0.027197,0.094207,0.20022,0.010242,0.023216,0.010129
0.010004,0.066834,0.08655,0.050933,0.077013,0.057077,0.014486
0.022471,0.16529,0.12932,0.045358,0.10169,0.074117,0.026384
0.091728,0.2985,0.083598,0.15018,0.063618,0.088943,0.013364
0.16228,0.039413,0.11996,0.16308,0.1658,0.11877,0.032967
0.099297,0.15894,0.11691,0.029821,0.11209,0.14353,0.017789
0.018574,0.016736,0.092259,0.1758,0.11264,0.081497,0.014885
0.085524,0.15688,0.043869,0.19134,0.086667,0.19434,0.033357
0.10988,0.24806,0.064993,0.045824,0.16345,0.032509,0.010944
0.060055,0.13708,0.041813,0.063922,0.047685,0.060677,0.034516
0.27319,0.098925,0.084734,0.19158,0.12775,0.1637,0.025318
0.043141,0.031201,0.034383,0.078298,0.11298,0.045349,0.011123
0.060569,0.011233,0.029236,0.11134,0.11936,0.19292,0.016268
0.1116,0.078367,0.042194,0.19518,0.10242,0.14449,0.022072
0.2557,0.053706,0.10813,0.073901,0.096502,0.1452,0.018564
0.040465,0.07679,0.086223,0.089642,0.1546,0.043377,0.038141
0.27717,0.083717,0.024103,0.091791,0.039062,0.12876,0.020098
0.10656,0.13942,0.029516,0.12073,0.12091,0.011358,0.026707
0.1611,0.19652,0.083954,0.15389,0.16279,0.11058,0.029656
0.24281,0.022007,0.094616,0.1609,0.10003,0.029154,0.030494
0.20593,0.011649,0.026933,0.080451,0.1572,0.14234,0.016215
0.022012,0.12465,0.022167,0.20071,0.090879,0.091474,0.036203
0.028386,0.25168,0.12005,0.17082,0.07447,0.019024,0.026087
0.068461,0.1328,0.077607,0.081716,0.091903,0.034451,0.029608
0.11046,0.23364,0.050476,0.059141,0.098484,0.01113,0.011625
0.013646,0.27389,0.078974,0.091891,0.14332,0.061968,0.023363
0.095699,0.0056925,0.11782,0.12991,0.060322,0.02628,0.03662
0.11365,0.060651,0.051031,0.027994,0.13959,0.17088,0.031931
0.15153,0.0022449,0.086697,0.048069,0.033795,0.019913,0.010691
0.14182,0.18413,0.096917,0.14364,0.10006,0.19603,0.01592
0.24328,0.2325,0.055862,0.082432,0.062847,0.04709,0.015119
0.018416,0.1109,0.12229,0.098626,0.080412,0.033137,0.031205
0.23959,0.056363,0.073691,0.13373,0.10517,0.1911,0.019963
0.092545,0.12981,0.094104,0.072037,0.17708,0.075091,0.018807
0.0063499,0.14378,0.09538,0.071397,0.12328,0.18404,0.022061
0.16017,0.0652,0.020936,0.065967,0.1809,0.16137,0.039881
0.1396,0.060336,0.073419,0.1995,0.19544,0.099699,0.013832
0.083714,0.10255,0.074874,0.17326,0.17894,0.15041,0.041708
0.023586,0.12615,0.04416,0.10833,0.01709,0.15483,0.027488
0.21145,0.1,0.078411,0.17049,0.010999,0.14928,0.015067
0.085775,0.031219,0.027505,0.085284,0.054157,0.087976,0.014106
0.10643,0.24243,0.058964,0.050323,0.057877,0.16909,0.021999
0.23805,0.25686,0.03339,0.19556,0.011598,0.10353,0.033203
0.016686,0.21778,0.10985,0.15167,0.09502,0.17343,0.018479
0.14052,0.097615,0.02356,0.1461,0.19866,0.19892,0.02603
0.094072,0.022731,0.051485,0.041779,0.093148,0.062526,0.021094
0.083636,0.060967,0.11869,0.12013,0.15232,0.079932,0.017419
0.13991,0.075243,0.069064,0.12819,0.093623,0.10535,0.026984
0.13826,0.068788,0.089728,0.076671,0.14508,0.13802,0.024425
0.010433,0.27986,0.047687,0.021128,0.098887,0.17051,0.037659
0.028353,0.2091,0.12747,0.03052,0.10965,0.062038,0.015242
0.095339,0.023945,0.11064,0.1595,0.12208,0.010353,0.022415
0.041561,0.26451,0.11117,0.022584,0.1502,0.012772,0.038441
0.064527,0.011374,0.031063,0.037852,0.068682,0.18583,0.024807
0.11306,0.072495,0.073904,0.095397,0.035877,0.15463,0.027572
0.082363,0.097138,0.069422,0.17401,0.14942,0.041216,0.021456
0.031001,0.078914,0.038744,0.084148,0.030023,0.059773,0.041063
0.078238,0.11606,0.12677,0.10865,0.091558,0.1594,0.02423
0.0714,0.010782,0.058588,0.12299,0.17656,0.064692,0.026632
0.088841,0.17545,0.073038,0.13996,0.016275,0.020597,0.010564
0.045624,0.19609,0.030089,0.052497,0.13025,0.11855,0.012415
0.016419,0.058545,0.073762,0.17948,0.18263,0.071451,0.032256
0.23893,0.11203,0.039134,0.039651,0.18701,0.12202,0.039534
0.13641,0.17106,0.056547,0.082721,0.098959,0.18052,0.030665
0.039983,0.035925,0.0915,0.128,0.1128,0.16188,0.037078
0.24167,0.09118,0.063368,0.065457,0.10229,0.13401,0.031357
0.0089752,0.097447,0.038264,0.054464,0.14383,0.12862,0.034282
0.1528,0.10532,0.049519,0.037124,0.097491,0.15719,0.024766
0.05945,0.079785,0.09171,0.091244,0.067991,0.17005,0.018206
0.0896,0.13415,0.028915,0.017156,0.057159,0.10971,0.017196
0.14528,0.084642,0.087529,0.16853,0.054224,0.04321,0.033191
0.011185,0.049725,0.012866,0.19531,0.19565,0.10899,0.026455
0.01333,0.268,0.067303,0.097537,0.048769,0.099421,0.033403
0.016855,0.26493,0.04581,0.017302,0.16531,0.10957,0.028145
0.14151,0.15245,0.097728,0.11456,0.076483,0.11812,0.025988
0.26331,0.1617,0.042482,0.071245,0.097748,0.19493,0.035274
0.18704,0.10738,0.098152,0.041331,0.048426,0.052146,0.026813
0.051105,0.16349,0.042125,0.19896,0.032169,0.027472,0.020376
0.058504,0.11713,0.12774,0.14638,0.20051,0.089309,0.029628
0.15203,0.087138,0.07811,0.12637,0.027745,0.030515,0.036034
0.094332,0.0097674,0.032799,0.069693,0.10465,0.13894,0.010731
0.26306,0.077653,0.084985,0.19817,0.18758,0.033346,0.031584
0.16703,0.15835,0.058884,0.13755,0.088082,0.018495,0.035936
0.090456,0.11575,0.12624,0.032591,0.03872,0.080874,0.016189
0.08455,0.16939,0.11843,0.049293,0.030865,0.18672,0.020045
0.05922,0.12804,0.077356,0.15884,0.17761,0.14158,0.013798
0.20814,0.073717,0.1114,0.18023,0.12339,0.12976,0.01806
0.029406,0.07742,0.054933,0.12494,0.038382,0.18392,0.010655
0.12683,0.1144,0.10315,0.15527,0.10058,0.12548,0.026527
0.012495,0.087002,0.039344,0.11396,0.018539,0.066002,0.028199
0.14601,0.10079,0.10133,0.029218,0.085376,0.19007,0.023924
0.14681,0.22919,0.12486,0.13236,0.078746,0.17292,0.012512
0.039057,0.17487,0.020583,0.039895,0.11182,0.19609,0.027887
0.12655,0.2416,0.061341,0.12313,0.17107,0.13147,0.029101
0.17905,0.045315,0.11089,0.057846,0.028668,0.054203,0.038555
0.20123,0.24714,0.11453,0.079141,0.11352,0.056381,0.021699
0.084849,0.15741,0.11833,0.09267,0.18501,0.13771,0.031017
0.2335,0.054436,0.12419,0.028575,0.10666,0.056826,0.017071
0.079803,0.028773,0.1045,0.089712,0.1245,0.14124,0.038377
0.030196,0.1322,0.086862,0.17758,0.072891,0.1272,0.038044
0.14631,0.19412,0.10115,0.11233,0.11563,0.022004,0.035327
0.23372,0.11459,0.022323,0.19418,0.13206,0.065532,0.022847
0.07055,0.051011,0.029113,0.085982,0.14258,0.1139,0.033285
0.070505,0.15361,0.087948,0.10004,0.1585,0.014661,0.028878
0.2236,0.26892,0.056096,0.12054,0.13475,0.17633,0.037633
0.091846,0.020602,0.12609,0.040374,0.18793,0.10929,0.030696
0.055989,0.18363,0.058754,0.089241,0.075584,0.13036,0.019685
0.075335,0.1254,0.06262,0.18287,0.026155,0.048831,0.024305
0.071643,0.16576,0.019729,0.053753,0.11906,0.055097,0.028449
0.051373,0.12972,0.10479,0.027768,0.15521,0.18884,0.010489
0.046241,0.031283,0.010579,0.19688,0.097715,0.12768,0.035064
0.13604,0.014406,0.040734,0.092088,0.19603,0.092426,0.036427
0.0039915,0.11134,0.071212,0.18278,0.11164,0.12833,0.013734
0.25158,0.023633,0.11539,0.070611,0.19346,0.060481,0.026134
0.12739,0.058238,0.046583,0.029733,0.029027,0.078661,0.01723
0.022068,0.13444,0.042007,0.17703,0.13763,0.046926,0.015253
0.15588,0.18897,0.093259,0.16273,0.021732,0.1921,0.040484
0.037977,0.24952,0.028464,0.14511,0.17244,0.063768,0.038738
0.018348,0.01558,0.12139,0.17595,0.18935,0.059952,0.016403
0.27523,0.13575,0.088839,0.14493,0.14486,0.14141,0.025278
0.21094,0.14802,0.064043,0.16975,0.093356,0.10042,0.016752
0.06813,0.042502,0.1285,0.087788,0.012872,0.14764,0.036683
0.10016,0.099167,0.12168,0.12916,0.1329,0.18915,0.038627
0.10924,0.25466,0.097048,0.11926,0.094381,0.12611,0.021881
0.2927,0.15163,0.10675,0.051749,0.1816,0.010578,0.040839
0.23135,0.16031,0.046733,0.08556,0.14927,0.19639,0.018318
0.07682,0.084686,0.12405,0.042935,0.1248,0.028159,0.019623
0.080476,0.088333,0.013596,0.14526,0.022413,0.13981,0.010216
0.17345,0.10085,0.11977,0.027527,0.1368,0.14173,0.016331
0.10454,0.028178,0.011707,0.010185,0.20129,0.014166,0.025761
0.27942,0.012139,0.071695,0.11345,0.086169,0.020385,0.024186
0.22718,0.03604,0.067102,0.13059,0.013427,0.060922,0.02235
0.012796,0.02367,0.060205,0.057585,0.023224,0.069517,0.023759
0.10165,0.024457,0.062874,0.053571,0.081892,0.04911,0.026887
0.014709,0.041517,0.10565,0.11155,0.10876,0.18022,0.019754
0.13075,0.18404,0.12353,0.11687,0.17177,0.016693,0.014029
0.018887,0.029591,0.089106,0.045633,0.0612,0.13615,0.041161
0.05074,0.12075,0.018914,0.15311,0.051974,0.11282,0.031654
0.27156,0.22568,0.10951,0.15962,0.12557,0.17886,0.035026
0.10749,0.046069,0.10033,0.022239,0.13706,0.013953,0.029929
0.12535,0.0714,0.036602,0.13916,0.15784,0.15964,0.032054
0.10857,0.14924,0.073216,0.20097,0.09052,0.090453,0.01231
0.20252,0.087206,0.020469,0.16881,0.089068,0.082102,0.025699
0.21326,0.019968,0.064447,0.15637,0.010425,0.088716,0.026118
0.18284,0.26872,0.11479,0.059693,0.1908,0.15393,0.039578
0.054319,0.010747,0.034148,0.15834,0.020169,0.19737,0.018638
0.022218,0.064547,0.031548,0.1976,0.10155,0.059434,0.019359
0.092176,0.0306,0.12699,0.080594,0.10844,0.1612,0.018422
0.20254,0.058644,0.1069,0.028846,0.16861,0.13219,0.032557
0.093693,0.27484,0.019466,0.040683,0.12032,0.11528,0.016029
0.2777,0.059338,0.11946,0.01599,0.052522,0.097408,0.03445
0.033709,0.23784,0.090291,0.18208,0.058062,0.17809,0.017252
0.055093,0.071579,0.052826,0.064461,0.19803,0.12133,0.027066
0.0080335,0.20375,0.08161,0.10705,0.14725,0.095248,0.033116
0.075461,0.087477,0.030318,0.17302,0.12839,0.047971,0.014341
0.065202,0.25965,0.018267,0.087091,0.1944,0.053163,0.02641
0.033057,0.17284,0.059886,0.09937,0.14054,0.12584,0.015694
0.15755,0.0025331,0.069758,0.065595,0.08342,0.085448,0.039435
0.1966,0.17467,0.11799,0.18238,0.13808,0.043855,0.021173
0.094746,0.19865,0.11489,0.013106,0.14016,0.15344,0.017441
0.061325,0.11719,0.015366,0.16189,0.12373,0.077788,0.023264
0.076674,0.1555,0.083421,0.085062,0.11321,0.14791,0.012676
0.048924,0.29326,0.07634,0.079635,0.15174,0.11077,0.033779
0.09671,0.11163,0.011623,0.071779,0.15504,0.065474,0.01044
0.11772,0.12702,0.12211,0.15189,0.1835,0.097149,0.031871
0.061712,0.092556,0.11248,0.18198,0.13097,0.04824,0.010323
0.01863,0.10897,0.093967,0.17095,0.18772,0.12265,0.011882
0.099439,0.26003,0.069818,0.043456,0.15906,0.10638,0.020644
0.11575,0.061873,0.081237,0.051149,0.1505,0.074729,0.012624
0.01045,0.08889,0.097217,0.13837,0.19845,0.091908,0.016712
0.12406,0.1905,0.092984,0.11617,0.13225,0.11157,0.013159
0.034048,0.24471,0.080193,0.073586,0.043825,0.085485,0.041826
0.22022,0.19106,0.044339,0.1713,0.075241,0.18703,0.039847
0.11512,0.070105,0.081847,0.026777,0.15326,0.075757,0.028464
0.04316,0.07432,0.018405,0.011661,0.059117,0.13538,0.035751
0.037923,0.13253,0.035415,0.12663,0.14441,0.093455,0.019075
0.12772,0.010628,0.072125,0.074079,0.12904,0.0811,0.035137
0.038035,0.10699,0.017425,0.030329,0.060809,0.20145,0.012173
0.18065,0.10117,0.09474,0.1857,0.18927,0.17516,0.034888
0.10037,0.10747,0.059366,0.13207,0.046246,0.011664,0.027176
0.11537,0.12871,0.075725,0.039184,0.083624,0.096262,0.036158
0.12664,0.080238,0.076488,0.18047,0.077497,0.063523,0.028913
0.14594,0.17236,0.038485,0.078645,0.066991,0.03062,0.011331
0.18709,0.093382,0.061106,0.19973,0.051403,0.19671,0.02733
0.27465,0.19963,0.12117,0.073259,0.12937,0.11498,0.026864
0.098953,0.0080392,0.020297,0.1263,0.064929,0.18651,0.027367
0.15589,0.073047,0.12871,0.036013,0.11589,0.20014,0.032749
0.097551,0.0046653,0.064596,0.17811,0.041032,0.1205,0.016861
0.16887,0.24863,0.1144,0.19402,0.17119,0.069671,0.016075
0.090755,0.28982,0.015688,0.18925,0.11042,0.06313,0.010532
0.17876,0.12511,0.072305,0.033232,0.089501,0.036995,0.014245
0.22698,0.071849,0.049884,0.15345,0.076147,0.19809,0.019819
0.003234,0.0035277,0.016405,0.10394,0.095811,0.053275,0.040559
0.16156,0.05659,0.12513,0.051879,0.071505,0.18362,0.010471
0.15063,0.14603,0.024227,0.11564,0.13434,0.051515,0.025516
0.046517,0.037915,0.10484,0.14925,0.1327,0.098607,0.034315
0.27028,0.12677,0.12235,0.14441,0.021481,0.15125,0.02089
0.13746,0.075473,0.024539,0.13691,0.080858,0.070218,0.026259
0.12537,0.23794,0.049833,0.024967,0.1048,0.10558,0.010007
0.094049,0.11041,0.051248,0.11763,0.19831,0.085117,0.014173
0.157,0.19638,0.09958,0.089885,0.1933,0.18354,0.035163
0.090209,0.0071774,0.041243,0.13846,0.047858,0.20089,0.030909
0.26059,0.062216,0.033135,0.14945,0.19247,0.060302,0.019889
0.15479,0.18372,0.016746,0.07694,0.016655,0.022374,0.03143
0.085097,0.11715,0.10891,0.046549,0.14738,0.10105,0.036141
0.030922,0.028036,0.066465,0.036341,0.19138,0.1022,0.027891
0.068755,0.13431,0.019236,0.10032,0.10651,0.18504,0.012266
0.12037,0.082158,0.06434,0.081931,0.03675,0.18525,0.027007
0.21061,0.071519,0.064918,0.025191,0.13507,0.074345,0.027621
0.18954,0.21201,0.11807,0.10968,0.085764,0.12109,0.027712
0.12779,0.05808,0.025876,0.056465,0.1491,0.022523,0.018599
0.15933,0.13593,0.10393,0.035533,0.15082,0.1208,0.015333
0.0084145,0.19879,0.070652,0.03613,0.017189,0.14844,0.024824
0.081102,0.11018,0.058097,0.13922,0.095495,0.14253,0.013958
0.072237,0.20117,0.097638,0.045963,0.024333,0.13489,0.035534
0.032681,0.15747,0.055323,0.17064,0.074598,0.16462,0.015947
0.15263,0.10913,0.085915,0.10472,0.17007,0.12443,0.03472
0.058242,0.072299,0.057835,0.18352,0.14173,0.14557,0.013661
0.21298,0.07198,0.057704,0.035581,0.090684,0.11246,0.01318
0.040281,0.17317,0.017147,0.054251,0.045731,0.17113,0.036895
0.15265,0.16838,0.047926,0.1213,0.055486,0.12485,0.034381
0.15582,0.024255,0.12192,0.076608,0.14063,0.17953,0.019045
0.17347,0.11237,0.02321,0.15336,0.049043,0.096976,0.039389
0.045312,0.21762,0.044711,0.18843,0.014588,0.13669,0.019183
0.05334,0.081912,0.089038,0.054699,0.017831,0.18559,0.032696
0.14483,0.29795,0.032616,0.14804,0.12719,0.17061,0.037167
0.15602,0.0037492,0.01484,0.13282,0.077208,0.067319,0.025664
0.1254,0.24034,0.080456,0.094244,0.18324,0.13978,0.038936
0.10487,0.066107,0.1083,0.068862,0.030557,0.17925,0.023067
0.081192,0.065128,0.11594,0.14148,0.069083,0.022836,0.016984
0.17864,0.10933,0.012757,0.16541,0.16194,0.075005,0.037907
0.069737,0.050034,0.094968,0.037758,0.17342,0.053945,0.01556
0.20991,0.014657,0.04766,0.19059,0.061591,0.11936,0.020923
0.22735,0.011515,0.092334,0.019835,0.16826,0.1325,0.031519
0.09356,0.23493,0.017575,0.12943,0.047295,0.15989,0.017283
0.18056,0.15942,0.080292,0.022845,0.019301,0.03614,0.02573
0.25045,0.060793,0.11736,0.05834,0.19486,0.10437,0.010183
0.041296,0.12115,0.030932,0.082235,0.13084,0.1411,0.025891
0.18773,0.074474,0.045566,0.077089,0.18381,0.18197,0.041014
0.064578,0.13373,0.032974,0.034019,0.018183,0.074642,0.038916
0.12779,0.23051,0.063816,0.044206,0.041421,0.18319,0.032637
0.10583,0.24018,0.11361,0.13708,0.10296,0.15446,0.0117
0.1383,0.11924,0.040502,0.026263,0.064214,0.086747,0.016479
0.16886,0.0094451,0.12824,0.1895,0.17515,0.08361,0.016537
0.1452,0.047601,0.012006,0.17448,0.076656,0.040208,0.012008
0.12627,0.055209,0.095171,0.09329,0.033927,0.067463,0.03025
0.23357,0.046452,0.031974,0.18531,0.044951,0.14822,0.016452
0.21988,0.10403,0.12788,0.14122,0.1459,0.19303,0.017747
0.28337,0.068234,0.079909,0.040928,0.11472,0.048507,0.041651
0.0023463,0.066737,0.030188,0.072897,0.13408,0.15376,0.037828
0.27779,0.080548,0.033935,0.06455,0.12182,0.12811,0.012493
0.027549,0.19254,0.023078,0.048282,0.05848,0.13273,0.025783
0.05302,0.051421,0.076075,0.081326,0.15361,0.19658,0.017463
0.12538,0.092597,0.015193,0.062968,0.12598,0.073855,0.029565
0.21832,0.089236,0.11333,0.16655,0.168,0.10883,0.029147
0.19484,0.067237,0.105,0.046428,0.074208,0.087278,0.034211
0.0032272,0.091819,0.068965,0.092933,0.14864,0.15154,0.019264
0.24136,0.032813,0.089572,0.1736,0.020847,0.092902,0.011452
0.060513,0.23525,0.087152,0.12207,0.19167,0.12062,0.0144
0.14744,0.0096646,0.077945,0.12585,0.031946,0.11655,0.037041
0.068553,0.19226,0.042829,0.014945,0.081292,0.19704,0.010749
0.12965,0.022503,0.077168,0.18146,0.11011,0.16385,0.033162
0.06418,0.042823,0.05828,0.017498,0.031083,0.1551,0.010375
0.075209,0.20296,0.12947,0.19188,0.17547,0.069076,0.029443
0.068068,0.081026,0.12061,0.14408,0.044031,0.12922,0.014611
0.072032,0.043725,0.11966,0.10644,0.1996,0.085057,0.014459
0.057595,0.043186,0.027999,0.013278,0.052156,0.021173,0.023594
0.058989,0.18658,0.076772,0.14548,0.048112,0.16726,0.026034
0.15295,0.11448,0.045712,0.16502,0.16914,0.1622,0.041212
0.20862,0.067269,0.10459,0.088172,0.19228,0.070986,0.02534
0.14708,0.13045,0.02662,0.11647,0.16234,0.076679,0.031774
0.042547,0.10696,0.10656,0.14864,0.13355,0.13293,0.03975
0.10471,0.25694,0.049215,0.063503,0.18991,0.14831,0.022288
0.08,0.13033,0.088515,0.10913,0.081696,0.18859,0.029698
0.10209,0.17879,0.013783,0.030046,0.16811,0.09014,0.038026
0.031848,0.19982,0.096823,0.075018,0.16174,0.01765,0.011185
0.16334,0.09986,0.10153,0.15131,0.1008,0.037902,0.022575
0.20702,0.083,0.10431,0.1855,0.025615,0.046055,0.036827
0.15992,0.046313,0.02287,0.18655,0.12569,0.085892,0.010906
0.0045545,0.11146,0.034008,0.11284,0.17496,0.011949,0.025582
0.047756,0.0093135,0.038368,0.042095,0.13006,0.073552,0.030376
0.24412,0.038055,0.095213,0.07772,0.1557,0.086487,0.041465
0.087835,0.10798,0.096377,0.067802,0.078988,0.035884,0.017385
0.069356,0.094978,0.058212,0.053286,0.18852,0.16836,0.034789
0.25265,0.068326,0.044078,0.11729,0.02449,0.05792,0.04063
0.23806,0.060822,0.048952,0.047913,0.023844,0.11976,0.010778
0.18618,0.013236,0.10544,0.13107,0.10619,0.19082,0.018068
0.22511,0.21757,0.058655,0.098088,0.12247,0.088167,0.03128
0.29858,0.11769,0.012387,0.16369,0.069757,0.10346,0.015292
0.0061727,0.081754,0.025692,0.17113,0.12267,0.14388,0.025601
0.12352,0.0058059,0.070588,0.16612,0.084411,0.17252,0.013629
0.15536,0.23776,0.046111,0.067647,0.19729,0.013087,0.023196
0.19764,0.091917,0.10645,0.18475,0.055028,0.13518,0.020752
0.25632,0.22466,0.090627,0.1023,0.13743,0.027705,0.039325
0.154,0.0037305,0.11882,0.12756,0.062494,0.168,0.023714
0.03561,0.12822,0.027529,0.18102,0.086486,0.046284,0.010413
0.1812,0.0038844,0.040702,0.13045,0.018714,0.1024,0.039687
0.072847,0.06668,0.12756,0.18058,0.030423,0.1496,0.037357
0.10218,0.054544,0.12302,0.11992,0.016813,0.17025,0.024688
0.063598,0.049029,0.054107,0.024214,0.074991,0.035657,0.014962
0.0088767,0.018283,0.021334,0.098224,0.037693,0.045634,0.024446
0.13947,0.23593,0.054449,0.1076,0.06565,0.043441,0.032668
0.013375,0.025121,0.11108,0.065183,0.089231,0.078844,0.029943
0.13653,0.093923,0.023799,0.047421,0.057727,0.03996,0.024268
0.043847,0.0067141,0.014458,0.17154,0.15861,0.18454,0.013525
0.10939,0.031122,0.07777,0.069017,0.16953,0.19426,0.030047
0.089072,0.12914,0.10717,0.13499,0.13831,0.087545,0.040775
0.11631,0.11393,0.12256,0.1872,0.066818,0.059185,0.024872
0.11846,0.037416,0.10188,0.084608,0.058678,0.18833,0.010611
0.095379,0.046997,0.12539,0.19913,0.13778,0.10708,0.014929
0.23674,0.10204,0.067996,0.19271,0.033156,0.058626,0.023911
0.15759,0.017597,0.11695,0.088711,0.11529,0.17328,0.041275
0.10716,0.083308,0.067669,0.1036,0.1731,0.10263,0.031903
0.03269,0.046898,0.054536,0.15668,0.023795,0.043006,0.011812
0.036398,0.26874,0.052978,0.010788,0.10598,0.056164,0.012131
0.027368,0.24615,0.087819,0.020108,0.13669,0.10671,0.019575
0.12695,0.24925,0.079756,0.077378,0.088185,0.1651,0.022465
0.01032,0.045429,0.050614,0.01778,0.14519,0.06493,0.039147
0.13794,0.19326,0.056311,0.018835,0.12789,0.18151,0.023856
0.0061913,0.17115,0.072405,0.091598,0.12004,0.058365,0.014846
0.078262,0.11484,0.01884,0.03139,0.068462,0.17461,0.022881
0.090053,0.054683,0.032235,0.10006,0.15618,0.12646,0.015137
0.10735,0.2897,0.037075,0.09519,0.028191,0.10833,0.020663
0.10072,0.18626,0.062319,0.074267,0.067156,0.17535,0.024893
0.050124,0.16156,0.082031,0.045053,0.085475,0.13156,0.011087
0.14938,0.12337,0.078776,0.027291,0.013136,0.10426,0.01492
0.011616,0.045651,0.033714,0.032215,0.11024,0.094105,0.02302
0.20541,0.17545,0.05247,0.07999,0.083953,0.11838,0.023631
0.20001,0.10922,0.099002,0.12771,0.022058,0.20064,0.028537
0.169,0.021596,0.099912,0.15702,0.11345,0.18097,0.011296
0.092551,0.12542,0.017538,0.073411,0.029223,0.16318,0.033744
0.27292,0.050222,0.040923,0.032313,0.14692,0.14683,0.013357
0.073192,0.29099,0.055606,0.12711,0.022919,0.19935,0.036102
0.0020856,0.24447,0.043497,0.17224,0.18477,0.042122,0.015607
0.022519,0.09142,0.041041,0.10905,0.20013,0.18284,0.026791
0.18255,0.17659,0.022065,0.12568,0.1181,0.18802,0.021054
0.24713,0.011634,0.082519,0.05283,0.028526,0.14059,0.0351
0.047074,0.14563,0.016996,0.019481,0.15779,0.13705,0.037398
0.17214,0.041959,0.02193,0.012337,0.11803,0.012382,0.020067
0.019078,0.14389,0.016898,0.038319,0.076361,0.09475,0.017538
0.23865,0.23603,0.014764,0.026533,0.013974,0.068571,0.021838
0.18846,0.063227,0.048705,0.021858,0.17621,0.034805,0.036434
0.033493,0.047953,0.028049,0.1405,0.09809,0.046792,0.021743
0.016504,0.1303,0.10998,0.17233,0.037365,0.19564,0.029474
0.24474,0.049201,0.036777,0.14076,0.11999,0.19922,0.027832
0.15088,0.13475,0.0901,0.1763,0.15737,0.19461,0.041237
0.057901,0.2596,0.097405,0.17789,0.053825,0.030798,0.036762
0.1331,0.04093,0.019266,0.19867,0.19375,0.16247,0.022269
0.069509,0.10765,0.052659,0.10067,0.14153,0.067154,0.037764
0.22484,0.1575,0.013893,0.11508,0.13876,0.1508,0.012925
0.22684,0.047642,0.12893,0.024023,0.16293,0.030979,0.020243
0.0087002,0.28544,0.095794,0.05643,0.10901,0.038549,0.024746
0.10428,0.23923,0.026236,0.096692,0.012169,0.015242,0.010994
0.042496,0.16619,0.080872,0.12367,0.14792,0.13311,0.035784
0.25477,0.0674,0.06215,0.17832,0.10568,0.035212,0.02656
0.12375,0.054204,0.092812,0.1836,0.19463,0.16442,0.023433
0.18181,0.024266,0.06181,0.16764,0.10423,0.076342,0.019125
0.026389,0.030519,0.12052,0.19166,0.067953,0.16344,0.028041
0.17753,0.17636,0.12579,0.042758,0.19899,0.15257,0.035556
0.03915,0.21708,0.12651,0.14988,0.13053,0.042352,0.03831
0.26856,0.059409,0.10375,0.18113,0.11417,0.061306,0.021765
0.037081,0.15634,0.082471,0.086155,0.14125,0.17749,0.041518
0.07802,0.25944,0.050167,0.066396,0.18203,0.052828,0.019717
0.073366,0.038525,0.10786,0.11548,0.12741,0.15898,0.026297
0.12975,0.12843,0.041329,0.10155,0.039403,0.15848,0.041529
0.039141,0.13518,0.089806,0.13132,0.17771,0.11591,0.040501
0.20687,0.2249,0.077207,0.15515,0.077607,0.18126,0.0381
0.21042,0.03009,0.039955,0.096373,0.17075,0.19325,0.015461
0.11415,0.16949,0.093045,0.1864,0.1422,0.19789,0.038166
0.23698,0.12619,0.12957,0.14664,0.17435,0.19194,0.040448
0.079597,0.17772,0.10976,0.093419,0.036671,0.13478,0.018721
0.0047776,0.0097346,0.073514,0.066911,0.069547,0.1652,0.037292
0.027581,0.21504,0.10665,0.11855,0.16213,0.15739,0.013293
0.27865,0.28442,0.1093,0.060769,0.1637,0.05855,0.029189
0.21491,0.21841,0.020834,0.1181,0.19608,0.11024,0.038981
0.059195,0.1363,0.033767,0.027099,0.089391,0.14951,0.033016
0.10708,0.067844,0.059767,0.13313,0.042161,0.081381,0.032235
